00000000000000000000000000000000,80000000000000000000000000000000,0edd33d3c621e546455bd8ba1418bec8
00000000000000000000000000000000,c0000000000000000000000000000000,4bc3f883450c113c64ca42e1112a9e87
00000000000000000000000000000000,e0000000000000000000000000000000,72a1da770f5d7ac4c9ef94d822affd97
00000000000000000000000000000000,f0000000000000000000000000000000,970014d634e2b7650777e8e84d03ccd8
00000000000000000000000000000000,f8000000000000000000000000000000,f17e79aed0db7e279e955b5f493875a7
00000000000000000000000000000000,fc000000000000000000000000000000,9ed5a75136a940d0963da379db4af26a
00000000000000000000000000000000,fe000000000000000000000000000000,c4295f83465c7755e8fa364bac6a7ea5
00000000000000000000000000000000,ff000000000000000000000000000000,b1d758256b28fd850ad4944208cf1155
00000000000000000000000000000000,ff800000000000000000000000000000,42ffb34c743de4d88ca38011c990890b
00000000000000000000000000000000,ffc00000000000000000000000000000,9958f0ecea8b2172c0c1995f9182c0f3
00000000000000000000000000000000,ffe00000000000000000000000000000,956d7798fac20f82a8823f984d06f7f5
00000000000000000000000000000000,fff00000000000000000000000000000,a01bf44f2d16be928ca44aaf7b9b106b
00000000000000000000000000000000,fff80000000000000000000000000000,b5f1a33e50d40d103764c76bd4c6b6f8
00000000000000000000000000000000,fffc0000000000000000000000000000,2637050c9fc0d4817e2d69de878aee8d
00000000000000000000000000000000,fffe0000000000000000000000000000,113ecbe4a453269a0dd26069467fb5b5
00000000000000000000000000000000,ffff0000000000000000000000000000,97d0754fe68f11b9e375d070a608c884
00000000000000000000000000000000,ffff8000000000000000000000000000,c6a0b3e998d05068a5399778405200b4
00000000000000000000000000000000,ffffc000000000000000000000000000,df556a33438db87bc41b1752c55e5e49
00000000000000000000000000000000,ffffe000000000000000000000000000,90fb128d3a1af6e548521bb962bf1f05
00000000000000000000000000000000,fffff000000000000000000000000000,26298e9c1db517c215fadfb7d2a8d691
00000000000000000000000000000000,fffff800000000000000000000000000,a6cb761d61f8292d0df393a279ad0380
00000000000000000000000000000000,fffffc00000000000000000000000000,12acd89b13cd5f8726e34d44fd486108
00000000000000000000000000000000,fffffe00000000000000000000000000,95b1703fc57ba09fe0c3580febdd7ed4
00000000000000000000000000000000,ffffff00000000000000000000000000,de11722d893e9f9121c381becc1da59a
00000000000000000000000000000000,ffffff80000000000000000000000000,6d114ccb27bf391012e8974c546d9bf2
00000000000000000000000000000000,ffffffc0000000000000000000000000,5ce37e17eb4646ecfac29b9cc38d9340
00000000000000000000000000000000,ffffffe0000000000000000000000000,18c1b6e2157122056d0243d8a165cddb
00000000000000000000000000000000,fffffff0000000000000000000000000,99693e6a59d1366c74d823562d7e1431
00000000000000000000000000000000,fffffff8000000000000000000000000,6c7c64dc84a8bba758ed17eb025a57e3
00000000000000000000000000000000,fffffffc000000000000000000000000,e17bc79f30eaab2fac2cbbe3458d687a
00000000000000000000000000000000,fffffffe000000000000000000000000,1114bc2028009b923f0b01915ce5e7c4
00000000000000000000000000000000,ffffffff000000000000000000000000,9c28524a16a1e1c1452971caa8d13476
00000000000000000000000000000000,ffffffff800000000000000000000000,ed62e16363638360fdd6ad62112794f0
00000000000000000000000000000000,ffffffffc00000000000000000000000,5a8688f0b2a2c16224c161658ffd4044
00000000000000000000000000000000,ffffffffe00000000000000000000000,23f710842b9bb9c32f26648c786807ca
00000000000000000000000000000000,fffffffff00000000000000000000000,44a98bf11e163f632c47ec6a49683a89
00000000000000000000000000000000,fffffffff80000000000000000000000,0f18aff94274696d9b61848bd50ac5e5
00000000000000000000000000000000,fffffffffc0000000000000000000000,82408571c3e2424540207f833b6dda69
00000000000000000000000000000000,fffffffffe0000000000000000000000,303ff996947f0c7d1f43c8f3027b9b75
00000000000000000000000000000000,ffffffffff0000000000000000000000,7df4daf4ad29a3615a9b6ece5c99518a
00000000000000000000000000000000,ffffffffff8000000000000000000000,c72954a48d0774db0b4971c526260415
00000000000000000000000000000000,ffffffffffc000000000000000000000,1df9b76112dc6531e07d2cfda04411f0
00000000000000000000000000000000,ffffffffffe000000000000000000000,8e4d8e699119e1fc87545a647fb1d34f
00000000000000000000000000000000,fffffffffff000000000000000000000,e6c4807ae11f36f091c57d9fb68548d1
00000000000000000000000000000000,fffffffffff800000000000000000000,8ebf73aad49c82007f77a5c1ccec6ab4
00000000000000000000000000000000,fffffffffffc00000000000000000000,4fb288cc2040049001d2c7585ad123fc
00000000000000000000000000000000,fffffffffffe00000000000000000000,04497110efb9dceb13e2b13fb4465564
00000000000000000000000000000000,ffffffffffff00000000000000000000,75550e6cb5a88e49634c9ab69eda0430
00000000000000000000000000000000,ffffffffffff80000000000000000000,b6768473ce9843ea66a81405dd50b345
00000000000000000000000000000000,ffffffffffffc0000000000000000000,cb2f430383f9084e03a653571e065de6
00000000000000000000000000000000,ffffffffffffe0000000000000000000,ff4e66c07bae3e79fb7d210847a3b0ba
00000000000000000000000000000000,fffffffffffff0000000000000000000,7b90785125505fad59b13c186dd66ce3
00000000000000000000000000000000,fffffffffffff8000000000000000000,8b527a6aebdaec9eaef8eda2cb7783e5
00000000000000000000000000000000,fffffffffffffc000000000000000000,43fdaf53ebbc9880c228617d6a9b548b
00000000000000000000000000000000,fffffffffffffe000000000000000000,53786104b9744b98f052c46f1c850d0b
00000000000000000000000000000000,ffffffffffffff000000000000000000,b5ab3013dd1e61df06cbaf34ca2aee78
00000000000000000000000000000000,ffffffffffffff800000000000000000,7470469be9723030fdcc73a8cd4fbb10
00000000000000000000000000000000,ffffffffffffffc00000000000000000,a35a63f5343ebe9ef8167bcb48ad122e
00000000000000000000000000000000,ffffffffffffffe00000000000000000,fd8687f0757a210e9fdf181204c30863
00000000000000000000000000000000,fffffffffffffff00000000000000000,7a181e84bd5457d26a88fbae96018fb0
00000000000000000000000000000000,fffffffffffffff80000000000000000,653317b9362b6f9b9e1a580e68d494b5
00000000000000000000000000000000,fffffffffffffffc0000000000000000,995c9dc0b689f03c45867b5faa5c18d1
00000000000000000000000000000000,fffffffffffffffe0000000000000000,77a4d96d56dda398b9aabecfc75729fd
00000000000000000000000000000000,ffffffffffffffff0000000000000000,84be19e053635f09f2665e7bae85b42d
00000000000000000000000000000000,ffffffffffffffff8000000000000000,32cd652842926aea4aa6137bb2be2b5e
00000000000000000000000000000000,ffffffffffffffffc000000000000000,493d4a4f38ebb337d10aa84e9171a554
00000000000000000000000000000000,ffffffffffffffffe000000000000000,d9bff7ff454b0ec5a4a2a69566e2cb84
00000000000000000000000000000000,fffffffffffffffff000000000000000,3535d565ace3f31eb249ba2cc6765d7a
00000000000000000000000000000000,fffffffffffffffff800000000000000,f60e91fc3269eecf3231c6e9945697c6
00000000000000000000000000000000,fffffffffffffffffc00000000000000,ab69cfadf51f8e604d9cc37182f6635a
00000000000000000000000000000000,fffffffffffffffffe00000000000000,7866373f24a0b6ed56e0d96fcdafb877
00000000000000000000000000000000,ffffffffffffffffff00000000000000,1ea448c2aac954f5d812e9d78494446a
00000000000000000000000000000000,ffffffffffffffffff80000000000000,acc5599dd8ac02239a0fef4a36dd1668
00000000000000000000000000000000,ffffffffffffffffffc0000000000000,d8764468bb103828cf7e1473ce895073
00000000000000000000000000000000,ffffffffffffffffffe0000000000000,1b0d02893683b9f180458e4aa6b73982
00000000000000000000000000000000,fffffffffffffffffff0000000000000,96d9b017d302df410a937dcdb8bb6e43
00000000000000000000000000000000,fffffffffffffffffff8000000000000,ef1623cc44313cff440b1594a7e21cc6
00000000000000000000000000000000,fffffffffffffffffffc000000000000,284ca2fa35807b8b0ae4d19e11d7dbd7
00000000000000000000000000000000,fffffffffffffffffffe000000000000,f2e976875755f9401d54f36e2a23a594
00000000000000000000000000000000,ffffffffffffffffffff000000000000,ec198a18e10e532403b7e20887c8dd80
00000000000000000000000000000000,ffffffffffffffffffff800000000000,545d50ebd919e4a6949d96ad47e46a80
00000000000000000000000000000000,ffffffffffffffffffffc00000000000,dbdfb527060e0a71009c7bb0c68f1d44
00000000000000000000000000000000,ffffffffffffffffffffe00000000000,9cfa1322ea33da2173a024f2ff0d896d
00000000000000000000000000000000,fffffffffffffffffffff00000000000,8785b1a75b0f3bd958dcd0e29318c521
00000000000000000000000000000000,fffffffffffffffffffff80000000000,38f67b9e98e4a97b6df030a9fcdd0104
00000000000000000000000000000000,fffffffffffffffffffffc0000000000,192afffb2c880e82b05926d0fc6c448b
00000000000000000000000000000000,fffffffffffffffffffffe0000000000,6a7980ce7b105cf530952d74daaf798c
00000000000000000000000000000000,ffffffffffffffffffffff0000000000,ea3695e1351b9d6858bd958cf513ef6c
00000000000000000000000000000000,ffffffffffffffffffffff8000000000,6da0490ba0ba0343b935681d2cce5ba1
00000000000000000000000000000000,ffffffffffffffffffffffc000000000,f0ea23af08534011c60009ab29ada2f1
00000000000000000000000000000000,ffffffffffffffffffffffe000000000,ff13806cf19cc38721554d7c0fcdcd4b
00000000000000000000000000000000,fffffffffffffffffffffff000000000,6838af1f4f69bae9d85dd188dcdf0688
00000000000000000000000000000000,fffffffffffffffffffffff800000000,36cf44c92d550bfb1ed28ef583ddf5d7
00000000000000000000000000000000,fffffffffffffffffffffffc00000000,d06e3195b5376f109d5c4ec6c5d62ced
00000000000000000000000000000000,fffffffffffffffffffffffe00000000,c440de014d3d610707279b13242a5c36
00000000000000000000000000000000,ffffffffffffffffffffffff00000000,f0c5c6ffa5e0bd3a94c88f6b6f7c16b9
00000000000000000000000000000000,ffffffffffffffffffffffff80000000,3e40c3901cd7effc22bffc35dee0b4d9
00000000000000000000000000000000,ffffffffffffffffffffffffc0000000,b63305c72bedfab97382c406d0c49bc6
00000000000000000000000000000000,ffffffffffffffffffffffffe0000000,36bbaab22a6bd4925a99a2b408d2dbae
00000000000000000000000000000000,fffffffffffffffffffffffff0000000,307c5b8fcd0533ab98bc51e27a6ce461
00000000000000000000000000000000,fffffffffffffffffffffffff8000000,829c04ff4c07513c0b3ef05c03e337b5
00000000000000000000000000000000,fffffffffffffffffffffffffc000000,f17af0e895dda5eb98efc68066e84c54
00000000000000000000000000000000,fffffffffffffffffffffffffe000000,277167f3812afff1ffacb4a934379fc3
00000000000000000000000000000000,ffffffffffffffffffffffffff000000,2cb1dc3a9c72972e425ae2ef3eb597cd
00000000000000000000000000000000,ffffffffffffffffffffffffff800000,36aeaa3a213e968d4b5b679d3a2c97fe
00000000000000000000000000000000,ffffffffffffffffffffffffffc00000,9241daca4fdd034a82372db50e1a0f3f
00000000000000000000000000000000,ffffffffffffffffffffffffffe00000,c14574d9cd00cf2b5a7f77e53cd57885
00000000000000000000000000000000,fffffffffffffffffffffffffff00000,793de39236570aba83ab9b737cb521c9
00000000000000000000000000000000,fffffffffffffffffffffffffff80000,16591c0f27d60e29b85a96c33861a7ef
00000000000000000000000000000000,fffffffffffffffffffffffffffc0000,44fb5c4d4f5cb79be5c174a3b1c97348
00000000000000000000000000000000,fffffffffffffffffffffffffffe0000,674d2b61633d162be59dde04222f4740
00000000000000000000000000000000,ffffffffffffffffffffffffffff0000,b4750ff263a65e1f9e924ccfd98f3e37
00000000000000000000000000000000,ffffffffffffffffffffffffffff8000,62d0662d6eaeddedebae7f7ea3a4f6b6
00000000000000000000000000000000,ffffffffffffffffffffffffffffc000,70c46bb30692be657f7eaa93ebad9897
00000000000000000000000000000000,ffffffffffffffffffffffffffffe000,323994cfb9da285a5d9642e1759b224a
00000000000000000000000000000000,fffffffffffffffffffffffffffff000,1dbf57877b7b17385c85d0b54851e371
00000000000000000000000000000000,fffffffffffffffffffffffffffff800,dfa5c097cdc1532ac071d57b1d28d1bd
00000000000000000000000000000000,fffffffffffffffffffffffffffffc00,3a0c53fa37311fc10bd2a9981f513174
00000000000000000000000000000000,fffffffffffffffffffffffffffffe00,ba4f970c0a25c41814bdae2e506be3b4
00000000000000000000000000000000,ffffffffffffffffffffffffffffff00,2dce3acb727cd13ccd76d425ea56e4f6
00000000000000000000000000000000,ffffffffffffffffffffffffffffff80,5160474d504b9b3eefb68d35f245f4b3
00000000000000000000000000000000,ffffffffffffffffffffffffffffffc0,41a8a947766635dec37553d9a6c0cbb7
00000000000000000000000000000000,ffffffffffffffffffffffffffffffe0,25d6cfe6881f2bf497dd14cd4ddf445b
00000000000000000000000000000000,fffffffffffffffffffffffffffffff0,41c78c135ed9e98c096640647265da1e
00000000000000000000000000000000,fffffffffffffffffffffffffffffff8,5a4d404d8917e353e92a21072c3b2305
00000000000000000000000000000000,fffffffffffffffffffffffffffffffc,02bc96846b3fdc71643f384cd3cc3eaf
00000000000000000000000000000000,fffffffffffffffffffffffffffffffe,9ba4a9143f4e5d4048521c4f8877d88e
00000000000000000000000000000000,ffffffffffffffffffffffffffffffff,a1f6258c877d5fcd8964484538bfc92c
00000000000000000000000000000000,800000000000000000000000000000000000000000000000,de885dc87f5a92594082d02cc1e1b42c
00000000000000000000000000000000,c00000000000000000000000000000000000000000000000,132b074e80f2a597bf5febd8ea5da55e
00000000000000000000000000000000,e00000000000000000000000000000000000000000000000,6eccedf8de592c22fb81347b79f2db1f
00000000000000000000000000000000,f00000000000000000000000000000000000000000000000,180b09f267c45145db2f826c2582d35c
00000000000000000000000000000000,f80000000000000000000000000000000000000000000000,edd807ef7652d7eb0e13c8b5e15b3bc0
00000000000000000000000000000000,fc0000000000000000000000000000000000000000000000,9978bcf8dd8fd72241223ad24b31b8a4
00000000000000000000000000000000,fe0000000000000000000000000000000000000000000000,5310f654343e8f27e12c83a48d24ff81
00000000000000000000000000000000,ff0000000000000000000000000000000000000000000000,833f71258d53036b02952c76c744f5a1
00000000000000000000000000000000,ff8000000000000000000000000000000000000000000000,eba83ff200cff9318a92f8691a06b09f
00000000000000000000000000000000,ffc000000000000000000000000000000000000000000000,ff620ccbe9f3292abdf2176b09f04eba
00000000000000000000000000000000,ffe000000000000000000000000000000000000000000000,7ababc4b3f516c9aafb35f4140b548f9
00000000000000000000000000000000,fff000000000000000000000000000000000000000000000,aa187824d9c4582b0916493ecbde8c57
00000000000000000000000000000000,fff800000000000000000000000000000000000000000000,1c0ad553177fd5ea1092c9d626a29dc4
00000000000000000000000000000000,fffc00000000000000000000000000000000000000000000,a5dc46c37261194124ecaebd680408ec
00000000000000000000000000000000,fffe00000000000000000000000000000000000000000000,e4f2f2ae23e9b10bacfa58601531ba54
00000000000000000000000000000000,ffff00000000000000000000000000000000000000000000,b7d67cf1a1e91e8ff3a57a172c7bf412
00000000000000000000000000000000,ffff80000000000000000000000000000000000000000000,26706be06967884e847d137128ce47b3
00000000000000000000000000000000,ffffc0000000000000000000000000000000000000000000,b2f8b409b0585909aad3a7b5a219072a
00000000000000000000000000000000,ffffe0000000000000000000000000000000000000000000,5e4b7bff0290c78344c54a23b722cd20
00000000000000000000000000000000,fffff0000000000000000000000000000000000000000000,07093657552d4414227ce161e9ebf7dd
00000000000000000000000000000000,fffff8000000000000000000000000000000000000000000,e1af1e7d8bc225ed4dffb771ecbb9e67
00000000000000000000000000000000,fffffc000000000000000000000000000000000000000000,ef6555253635d8432156cfd9c11b145a
00000000000000000000000000000000,fffffe000000000000000000000000000000000000000000,fb4035074a5d4260c90cbd6da6c3fceb
00000000000000000000000000000000,ffffff000000000000000000000000000000000000000000,446ee416f9ad1c103eb0cc96751c88e1
00000000000000000000000000000000,ffffff800000000000000000000000000000000000000000,198ae2a4637ac0a7890a8fd1485445c9
00000000000000000000000000000000,ffffffc00000000000000000000000000000000000000000,562012ec8faded0825fb2fa70ab30cbd
00000000000000000000000000000000,ffffffe00000000000000000000000000000000000000000,cc8a64b46b5d88bf7f247d4dbaf38f05
00000000000000000000000000000000,fffffff00000000000000000000000000000000000000000,a168253762e2cc81b42d1e5001762699
00000000000000000000000000000000,fffffff80000000000000000000000000000000000000000,1b41f83b38ce5032c6cd7af98cf62061
00000000000000000000000000000000,fffffffc0000000000000000000000000000000000000000,61a89990cd1411750d5fb0dc988447d4
00000000000000000000000000000000,fffffffe0000000000000000000000000000000000000000,b5accc8ed629edf8c68a539183b1ea82
00000000000000000000000000000000,ffffffff0000000000000000000000000000000000000000,b16fa71f846b81a13f361c43a851f290
00000000000000000000000000000000,ffffffff8000000000000000000000000000000000000000,4fad6efdff5975aee7692234bcd54488
00000000000000000000000000000000,ffffffffc000000000000000000000000000000000000000,ebfdb05a783d03082dfe5fdd80a00b17
00000000000000000000000000000000,ffffffffe000000000000000000000000000000000000000,eb81b584766997af6ba5529d3bdd8609
00000000000000000000000000000000,fffffffff000000000000000000000000000000000000000,0cf4ff4f49c8a0ca060c443499e29313
00000000000000000000000000000000,fffffffff800000000000000000000000000000000000000,cc4ba8a8e029f8b26d8afff9df133bb6
00000000000000000000000000000000,fffffffffc00000000000000000000000000000000000000,fefebf64360f38e4e63558f0ffc550c3
00000000000000000000000000000000,fffffffffe00000000000000000000000000000000000000,12ad98cbf725137d6a8108c2bed99322
00000000000000000000000000000000,ffffffffff00000000000000000000000000000000000000,6afaa996226198b3e2610413ce1b3f78
00000000000000000000000000000000,ffffffffff80000000000000000000000000000000000000,2a8ce6747a7e39367828e290848502d9
00000000000000000000000000000000,ffffffffffc0000000000000000000000000000000000000,223736e8b8f89ca1e37b6deab40facf1
00000000000000000000000000000000,ffffffffffe0000000000000000000000000000000000000,c0f797e50418b95fa6013333917a9480
00000000000000000000000000000000,fffffffffff0000000000000000000000000000000000000,a758de37c2ece2a02c73c01fedc9a132
00000000000000000000000000000000,fffffffffff8000000000000000000000000000000000000,3a9b87ae77bae706803966c66c73adbd
00000000000000000000000000000000,fffffffffffc000000000000000000000000000000000000,d365ab8df8ffd782e358121a4a4fc541
00000000000000000000000000000000,fffffffffffe000000000000000000000000000000000000,c8dcd9e6f75e6c36c8daee0466f0ed74
00000000000000000000000000000000,ffffffffffff000000000000000000000000000000000000,c79a637beb1c0304f14014c037e736dd
00000000000000000000000000000000,ffffffffffff800000000000000000000000000000000000,105f0a25e84ac930d996281a5f954dd9
00000000000000000000000000000000,ffffffffffffc00000000000000000000000000000000000,42e4074b2927973e8d17ffa92f7fe615
00000000000000000000000000000000,ffffffffffffe00000000000000000000000000000000000,4fe2a9d2c1824449c69e3e0398f12963
00000000000000000000000000000000,fffffffffffff00000000000000000000000000000000000,b7f29c1e1f62847a15253b28a1e9d712
00000000000000000000000000000000,fffffffffffff80000000000000000000000000000000000,36ed5d29b903f31e8983ef8b0a2bf990
00000000000000000000000000000000,fffffffffffffc0000000000000000000000000000000000,27b8070270810f9d023f9dd7ff3b4aa2
00000000000000000000000000000000,fffffffffffffe0000000000000000000000000000000000,94d46e155c1228f61d1a0db4815ecc4b
00000000000000000000000000000000,ffffffffffffff0000000000000000000000000000000000,ca6108d1d98071428eeceef1714b96dd
00000000000000000000000000000000,ffffffffffffff8000000000000000000000000000000000,dc5b25b71b6296cf73dd2cdcac2f70b1
00000000000000000000000000000000,ffffffffffffffc000000000000000000000000000000000,44aba95e8a06a2d9d3530d2677878c80
00000000000000000000000000000000,ffffffffffffffe000000000000000000000000000000000,a570d20e89b467e8f5176061b81dd396
00000000000000000000000000000000,fffffffffffffff000000000000000000000000000000000,758f4467a5d8f1e7307dc30b34e404f4
00000000000000000000000000000000,fffffffffffffff800000000000000000000000000000000,bcea28e9071b5a2302970ff352451bc5
00000000000000000000000000000000,fffffffffffffffc00000000000000000000000000000000,7523c00bc177d331ad312e09c9015c1c
00000000000000000000000000000000,fffffffffffffffe00000000000000000000000000000000,ccac61e3183747b3f5836da21a1bc4f4
00000000000000000000000000000000,ffffffffffffffff00000000000000000000000000000000,707b075791878880b44189d3522b8c30
00000000000000000000000000000000,ffffffffffffffff80000000000000000000000000000000,7132d0c0e4a07593cf12ebb12be7688c
00000000000000000000000000000000,ffffffffffffffffc0000000000000000000000000000000,effbac1644deb0c784275fe56e19ead3
00000000000000000000000000000000,ffffffffffffffffe0000000000000000000000000000000,a005063f30f4228b374e2459738f26bb
00000000000000000000000000000000,fffffffffffffffff0000000000000000000000000000000,29975b5f48bb68fcbbc7cea93b452ed7
00000000000000000000000000000000,fffffffffffffffff8000000000000000000000000000000,cf3f2576e2afedc74bb1ca7eeec1c0e7
00000000000000000000000000000000,fffffffffffffffffc000000000000000000000000000000,07c403f5f966e0e3d9f296d6226dca28
00000000000000000000000000000000,fffffffffffffffffe000000000000000000000000000000,c8c20908249ab4a34d6dd0a31327ff1a
00000000000000000000000000000000,ffffffffffffffffff000000000000000000000000000000,c0541329ecb6159ab23b7fc5e6a21bca
00000000000000000000000000000000,ffffffffffffffffff800000000000000000000000000000,7aa1acf1a2ed9ba72bc6deb31d88b863
00000000000000000000000000000000,ffffffffffffffffffc00000000000000000000000000000,808bd8eddabb6f3bf0d5a8a27be1fe8a
00000000000000000000000000000000,ffffffffffffffffffe00000000000000000000000000000,273c7d7685e14ec66bbb96b8f05b6ddd
00000000000000000000000000000000,fffffffffffffffffff00000000000000000000000000000,32752eefc8c2a93f91b6e73eb07cca6e
00000000000000000000000000000000,fffffffffffffffffff80000000000000000000000000000,d893e7d62f6ce502c64f75e281f9c000
00000000000000000000000000000000,fffffffffffffffffffc0000000000000000000000000000,8dfd999be5d0cfa35732c0ddc88ff5a5
00000000000000000000000000000000,fffffffffffffffffffe0000000000000000000000000000,02647c76a300c3173b841487eb2bae9f
00000000000000000000000000000000,ffffffffffffffffffff0000000000000000000000000000,172df8b02f04b53adab028b4e01acd87
00000000000000000000000000000000,ffffffffffffffffffff8000000000000000000000000000,054b3bf4998aeb05afd87ec536533a36
00000000000000000000000000000000,ffffffffffffffffffffc000000000000000000000000000,3783f7bf44c97f065258a666cae03020
00000000000000000000000000000000,ffffffffffffffffffffe000000000000000000000000000,aad4c8a63f80954104de7b92cede1be1
00000000000000000000000000000000,fffffffffffffffffffff000000000000000000000000000,cbfe61810fd5467ccdacb75800f3ac07
00000000000000000000000000000000,fffffffffffffffffffff800000000000000000000000000,830d8a2590f7d8e1b55a737f4af45f34
00000000000000000000000000000000,fffffffffffffffffffffc00000000000000000000000000,fffcd4683f858058e74314671d43fa2c
00000000000000000000000000000000,fffffffffffffffffffffe00000000000000000000000000,523d0babbb82f46ebc9e70b1cd41ddd0
00000000000000000000000000000000,ffffffffffffffffffffff00000000000000000000000000,344aab37080d7486f7d542a309e53eed
00000000000000000000000000000000,ffffffffffffffffffffff80000000000000000000000000,56c5609d0906b23ab9caca816f5dbebd
00000000000000000000000000000000,ffffffffffffffffffffffc0000000000000000000000000,7026026eedd91adc6d831cdf9894bdc6
00000000000000000000000000000000,ffffffffffffffffffffffe0000000000000000000000000,88330baa4f2b618fc9d9b021bf503d5a
00000000000000000000000000000000,fffffffffffffffffffffff0000000000000000000000000,fc9e0ea22480b0bac935c8a8ebefcdcf
00000000000000000000000000000000,fffffffffffffffffffffff8000000000000000000000000,29ca779f398fb04f867da7e8a44756cb
00000000000000000000000000000000,fffffffffffffffffffffffc000000000000000000000000,51f89c42985786bfc43c6df8ada36832
00000000000000000000000000000000,fffffffffffffffffffffffe000000000000000000000000,6ac1de5fb8f21d874e91c53b560c50e3
00000000000000000000000000000000,ffffffffffffffffffffffff000000000000000000000000,03aa9058490eda306001a8a9f48d0ca7
00000000000000000000000000000000,ffffffffffffffffffffffff800000000000000000000000,e34ec71d6128d4871865d617c30b37e3
00000000000000000000000000000000,ffffffffffffffffffffffffc00000000000000000000000,14be1c535b17cabd0c4d93529d69bf47
00000000000000000000000000000000,ffffffffffffffffffffffffe00000000000000000000000,c9ef67756507beec9dd3862883478044
00000000000000000000000000000000,fffffffffffffffffffffffff00000000000000000000000,40e231fa5a5948ce2134e92fc0664d4b
00000000000000000000000000000000,fffffffffffffffffffffffff80000000000000000000000,03194b8e5dda5530d0c678c0b48f5d92
00000000000000000000000000000000,fffffffffffffffffffffffffc0000000000000000000000,90bd086f237cc4fd99f4d76bde6b4826
00000000000000000000000000000000,fffffffffffffffffffffffffe0000000000000000000000,19259761ca17130d6ed86d57cd7951ee
00000000000000000000000000000000,ffffffffffffffffffffffffff0000000000000000000000,d7cbb3f34b9b450f24b0e8518e54da6d
00000000000000000000000000000000,ffffffffffffffffffffffffff8000000000000000000000,725b9caebe9f7f417f4068d0d2ee20b3
00000000000000000000000000000000,ffffffffffffffffffffffffffc000000000000000000000,9d924b934a90ce1fd39b8a9794f82672
00000000000000000000000000000000,ffffffffffffffffffffffffffe000000000000000000000,c50562bf094526a91c5bc63c0c224995
00000000000000000000000000000000,fffffffffffffffffffffffffff000000000000000000000,d2f11805046743bd74f57188d9188df7
00000000000000000000000000000000,fffffffffffffffffffffffffff800000000000000000000,8dd274bd0f1b58ae345d9e7233f9b8f3
00000000000000000000000000000000,fffffffffffffffffffffffffffc00000000000000000000,9d6bdc8f4ce5feb0f3bed2e4b9a9bb0b
00000000000000000000000000000000,fffffffffffffffffffffffffffe00000000000000000000,fd5548bcf3f42565f7efa94562528d46
00000000000000000000000000000000,ffffffffffffffffffffffffffff00000000000000000000,d2ccaebd3a4c3e80b063748131ba4a71
00000000000000000000000000000000,ffffffffffffffffffffffffffff80000000000000000000,e03cb23d9e11c9d93f117e9c0a91b576
00000000000000000000000000000000,ffffffffffffffffffffffffffffc0000000000000000000,78f933a2081ac1db84f69d10f4523fe0
00000000000000000000000000000000,ffffffffffffffffffffffffffffe0000000000000000000,4061f7412ed320de0edc8851c2e2436f
00000000000000000000000000000000,fffffffffffffffffffffffffffff0000000000000000000,9064ba1cd04ce6bab98474330814b4d4
00000000000000000000000000000000,fffffffffffffffffffffffffffff8000000000000000000,48391bffb9cfff80ac238c886ef0a461
00000000000000000000000000000000,fffffffffffffffffffffffffffffc000000000000000000,b8d2a67df5a999fdbf93edd0343296c9
00000000000000000000000000000000,fffffffffffffffffffffffffffffe000000000000000000,aaca7367396b69a221bd632bea386eec
00000000000000000000000000000000,ffffffffffffffffffffffffffffff000000000000000000,a80fd5020dfe65f5f16293ec92c6fd89
00000000000000000000000000000000,ffffffffffffffffffffffffffffff800000000000000000,2162995b8217a67f1abc342e146406f8
00000000000000000000000000000000,ffffffffffffffffffffffffffffffc00000000000000000,c6a6164b7a60bae4e986ffac28dfadd9
00000000000000000000000000000000,ffffffffffffffffffffffffffffffe00000000000000000,64e0d7f900e3d9c83e4b8f96717b2146
00000000000000000000000000000000,fffffffffffffffffffffffffffffff00000000000000000,1ad2561de8c1232f5d8dbab4739b6cbb
00000000000000000000000000000000,fffffffffffffffffffffffffffffff80000000000000000,279689e9a557f58b1c3bf40c97a90964
00000000000000000000000000000000,fffffffffffffffffffffffffffffffc0000000000000000,c4637e4a5e6377f9cc5a8638045de029
00000000000000000000000000000000,fffffffffffffffffffffffffffffffe0000000000000000,492e607e5aea4688594b45f3aee3df90
00000000000000000000000000000000,ffffffffffffffffffffffffffffffff0000000000000000,e8c4e4381feec74054954c05b777a00a
00000000000000000000000000000000,ffffffffffffffffffffffffffffffff8000000000000000,91549514605f38246c9b724ad839f01d
00000000000000000000000000000000,ffffffffffffffffffffffffffffffffc000000000000000,74b24e3b6fefe40a4f9ef7ac6e44d76a
00000000000000000000000000000000,ffffffffffffffffffffffffffffffffe000000000000000,2437a683dc5d4b52abb4a123a8df86c6
00000000000000000000000000000000,fffffffffffffffffffffffffffffffff000000000000000,bb2852c891c5947d2ed44032c421b85f
00000000000000000000000000000000,fffffffffffffffffffffffffffffffff800000000000000,1b9f5fbd5e8a4264c0a85b80409afa5e
00000000000000000000000000000000,fffffffffffffffffffffffffffffffffc00000000000000,30dab809f85a917fe924733f424ac589
00000000000000000000000000000000,fffffffffffffffffffffffffffffffffe00000000000000,eaef5c1f8d605192646695ceadc65f32
00000000000000000000000000000000,ffffffffffffffffffffffffffffffffff00000000000000,b8aa90040b4c15a12316b78e0f9586fc
00000000000000000000000000000000,ffffffffffffffffffffffffffffffffff80000000000000,97fac8297ceaabc87d454350601e0673
00000000000000000000000000000000,ffffffffffffffffffffffffffffffffffc0000000000000,9b47ef567ac28dfe488492f157e2b2e0
00000000000000000000000000000000,ffffffffffffffffffffffffffffffffffe0000000000000,1b8426027ddb962b5c5ba7eb8bc9ab63
00000000000000000000000000000000,fffffffffffffffffffffffffffffffffff0000000000000,e917fc77e71992a12dbe4c18068bec82
00000000000000000000000000000000,fffffffffffffffffffffffffffffffffff8000000000000,dceebbc98840f8ae6daf76573b7e56f4
00000000000000000000000000000000,fffffffffffffffffffffffffffffffffffc000000000000,4e11a9f74205125b61e0aee047eca20d
00000000000000000000000000000000,fffffffffffffffffffffffffffffffffffe000000000000,f60467f55a1f17eab88e800120cbc284
00000000000000000000000000000000,ffffffffffffffffffffffffffffffffffff000000000000,d436649f600b449ee276530f0cd83c11
00000000000000000000000000000000,ffffffffffffffffffffffffffffffffffff800000000000,3bc0e3656a9e3ac7cd378a737f53b637
00000000000000000000000000000000,ffffffffffffffffffffffffffffffffffffc00000000000,6bacae63d33b928aa8380f8d54d88c17
00000000000000000000000000000000,ffffffffffffffffffffffffffffffffffffe00000000000,8935ffbc75ae6251bf8e859f085adcb9
00000000000000000000000000000000,fffffffffffffffffffffffffffffffffffff00000000000,93dc4970fe35f67747cb0562c06d875a
00000000000000000000000000000000,fffffffffffffffffffffffffffffffffffff80000000000,14f9df858975851797ba604fb0d16cc7
00000000000000000000000000000000,fffffffffffffffffffffffffffffffffffffc0000000000,02ea0c98dca10b38c21b3b14e8d1b71f
00000000000000000000000000000000,fffffffffffffffffffffffffffffffffffffe0000000000,8f091b1b5b0749b2adc803e63dda9b72
00000000000000000000000000000000,ffffffffffffffffffffffffffffffffffffff0000000000,05b389e3322c6da08384345a4137fd08
00000000000000000000000000000000,ffffffffffffffffffffffffffffffffffffff8000000000,381308c438f35b399f10ad71b05027d8
00000000000000000000000000000000,ffffffffffffffffffffffffffffffffffffffc000000000,68c230fcfa9279c3409fc423e2acbe04
00000000000000000000000000000000,ffffffffffffffffffffffffffffffffffffffe000000000,1c84a475acb011f3f59f4f46b76274c0
00000000000000000000000000000000,fffffffffffffffffffffffffffffffffffffff000000000,45119b68cb3f8399ee60066b5611a4d7
00000000000000000000000000000000,fffffffffffffffffffffffffffffffffffffff800000000,9423762f527a4060ffca312dcca22a16
00000000000000000000000000000000,fffffffffffffffffffffffffffffffffffffffc00000000,f361a2745a33f056a5ac6ace2f08e344
00000000000000000000000000000000,fffffffffffffffffffffffffffffffffffffffe00000000,5ef145766eca849f5d011536a6557fdb
00000000000000000000000000000000,ffffffffffffffffffffffffffffffffffffffff00000000,c9af27b2c89c9b4cf4a0c4106ac80318
00000000000000000000000000000000,ffffffffffffffffffffffffffffffffffffffff80000000,fb9c4f16c621f4eab7e9ac1d7551dd57
00000000000000000000000000000000,ffffffffffffffffffffffffffffffffffffffffc0000000,138e06fba466fa70854d8c2e524cffb2
00000000000000000000000000000000,ffffffffffffffffffffffffffffffffffffffffe0000000,fb4bc78b225070773f04c40466d4e90c
00000000000000000000000000000000,fffffffffffffffffffffffffffffffffffffffff0000000,8b2cbff1ed0150feda8a4799be94551f
00000000000000000000000000000000,fffffffffffffffffffffffffffffffffffffffff8000000,08b30d7b3f27962709a36bcadfb974bd
00000000000000000000000000000000,fffffffffffffffffffffffffffffffffffffffffc000000,fdf6d32e044d77adcf37fb97ac213326
00000000000000000000000000000000,fffffffffffffffffffffffffffffffffffffffffe000000,93cb284ecdcfd781a8afe32077949e88
00000000000000000000000000000000,ffffffffffffffffffffffffffffffffffffffffff000000,7b017bb02ec87b2b94c96e40a26fc71a
00000000000000000000000000000000,ffffffffffffffffffffffffffffffffffffffffff800000,c5c038b6990664ab08a3aaa5df9f3266
00000000000000000000000000000000,ffffffffffffffffffffffffffffffffffffffffffc00000,4b7020be37fab6259b2a27f4ec551576
00000000000000000000000000000000,ffffffffffffffffffffffffffffffffffffffffffe00000,60136703374f64e860b48ce31f930716
00000000000000000000000000000000,fffffffffffffffffffffffffffffffffffffffffff00000,8d63a269b14d506ccc401ab8a9f1b591
00000000000000000000000000000000,fffffffffffffffffffffffffffffffffffffffffff80000,d317f81dc6aa454aee4bd4a5a5cff4bd
00000000000000000000000000000000,fffffffffffffffffffffffffffffffffffffffffffc0000,dddececd5354f04d530d76ed884246eb
00000000000000000000000000000000,fffffffffffffffffffffffffffffffffffffffffffe0000,41c5205cc8fd8eda9a3cffd2518f365a
00000000000000000000000000000000,ffffffffffffffffffffffffffffffffffffffffffff0000,cf42fb474293d96eca9db1b37b1ba676
00000000000000000000000000000000,ffffffffffffffffffffffffffffffffffffffffffff8000,a231692607169b4ecdead5cd3b10db3e
00000000000000000000000000000000,ffffffffffffffffffffffffffffffffffffffffffffc000,ace4b91c9c669e77e7acacd19859ed49
00000000000000000000000000000000,ffffffffffffffffffffffffffffffffffffffffffffe000,75db7cfd4a7b2b62ab78a48f3ddaf4af
00000000000000000000000000000000,fffffffffffffffffffffffffffffffffffffffffffff000,c1faba2d46e259cf480d7c38e4572a58
00000000000000000000000000000000,fffffffffffffffffffffffffffffffffffffffffffff800,241c45bc6ae16dee6eb7bea128701582
00000000000000000000000000000000,fffffffffffffffffffffffffffffffffffffffffffffc00,8fd03057cf1364420c2b78069a3e2502
00000000000000000000000000000000,fffffffffffffffffffffffffffffffffffffffffffffe00,ddb505e6cc1384cbaec1df90b80beb20
00000000000000000000000000000000,ffffffffffffffffffffffffffffffffffffffffffffff00,5674a3bed27bf4bd3622f9f5fe208306
00000000000000000000000000000000,ffffffffffffffffffffffffffffffffffffffffffffff80,b687f26a89cfbfbb8e5eeac54055315e
00000000000000000000000000000000,ffffffffffffffffffffffffffffffffffffffffffffffc0,0547dd32d3b29ab6a4caeb606c5b6f78
00000000000000000000000000000000,ffffffffffffffffffffffffffffffffffffffffffffffe0,186861f8bc5386d31fb77f720c3226e6
00000000000000000000000000000000,fffffffffffffffffffffffffffffffffffffffffffffff0,eacf1e6c4224efb38900b185ab1dfd42
00000000000000000000000000000000,fffffffffffffffffffffffffffffffffffffffffffffff8,d241aab05a42d319de81d874f5c7b90d
00000000000000000000000000000000,fffffffffffffffffffffffffffffffffffffffffffffffc,5eb9bc759e2ad8d2140a6c762ae9e1ab
00000000000000000000000000000000,fffffffffffffffffffffffffffffffffffffffffffffffe,018596e15e78e2c064159defce5f3085
00000000000000000000000000000000,ffffffffffffffffffffffffffffffffffffffffffffffff,dd8a493514231cbf56eccee4c40889fb
00000000000000000000000000000000,8000000000000000000000000000000000000000000000000000000000000000,e35a6dcb19b201a01ebcfa8aa22b5759
00000000000000000000000000000000,c000000000000000000000000000000000000000000000000000000000000000,b29169cdcf2d83e838125a12ee6aa400
00000000000000000000000000000000,e000000000000000000000000000000000000000000000000000000000000000,d8f3a72fc3cdf74dfaf6c3e6b97b2fa6
00000000000000000000000000000000,f000000000000000000000000000000000000000000000000000000000000000,1c777679d50037c79491a94da76a9a35
00000000000000000000000000000000,f800000000000000000000000000000000000000000000000000000000000000,9cf4893ecafa0a0247a898e040691559
00000000000000000000000000000000,fc00000000000000000000000000000000000000000000000000000000000000,8fbb413703735326310a269bd3aa94b2
00000000000000000000000000000000,fe00000000000000000000000000000000000000000000000000000000000000,60e32246bed2b0e859e55c1cc6b26502
00000000000000000000000000000000,ff00000000000000000000000000000000000000000000000000000000000000,ec52a212f80a09df6317021bc2a9819e
00000000000000000000000000000000,ff80000000000000000000000000000000000000000000000000000000000000,f23e5b600eb70dbccf6c0b1d9a68182c
00000000000000000000000000000000,ffc0000000000000000000000000000000000000000000000000000000000000,a3f599d63a82a968c33fe26590745970
00000000000000000000000000000000,ffe0000000000000000000000000000000000000000000000000000000000000,d1ccb9b1337002cbac42c520b5d67722
00000000000000000000000000000000,fff0000000000000000000000000000000000000000000000000000000000000,cc111f6c37cf40a1159d00fb59fb0488
00000000000000000000000000000000,fff8000000000000000000000000000000000000000000000000000000000000,dc43b51ab609052372989a26e9cdd714
00000000000000000000000000000000,fffc000000000000000000000000000000000000000000000000000000000000,4dcede8da9e2578f39703d4433dc6459
00000000000000000000000000000000,fffe000000000000000000000000000000000000000000000000000000000000,1a4c1c263bbccfafc11782894685e3a8
00000000000000000000000000000000,ffff000000000000000000000000000000000000000000000000000000000000,937ad84880db50613423d6d527a2823d
00000000000000000000000000000000,ffff800000000000000000000000000000000000000000000000000000000000,610b71dfc688e150d8152c5b35ebc14d
00000000000000000000000000000000,ffffc00000000000000000000000000000000000000000000000000000000000,27ef2495dabf323885aab39c80f18d8b
00000000000000000000000000000000,ffffe00000000000000000000000000000000000000000000000000000000000,633cafea395bc03adae3a1e2068e4b4e
00000000000000000000000000000000,fffff00000000000000000000000000000000000000000000000000000000000,6e1b482b53761cf631819b749a6f3724
00000000000000000000000000000000,fffff80000000000000000000000000000000000000000000000000000000000,976e6f851ab52c771998dbb2d71c75a9
00000000000000000000000000000000,fffffc0000000000000000000000000000000000000000000000000000000000,85f2ba84f8c307cf525e124c3e22e6cc
00000000000000000000000000000000,fffffe0000000000000000000000000000000000000000000000000000000000,6bcca98bf6a835fa64955f72de4115fe
00000000000000000000000000000000,ffffff0000000000000000000000000000000000000000000000000000000000,2c75e2d36eebd65411f14fd0eb1d2a06
00000000000000000000000000000000,ffffff8000000000000000000000000000000000000000000000000000000000,bd49295006250ffca5100b6007a0eade
00000000000000000000000000000000,ffffffc000000000000000000000000000000000000000000000000000000000,a190527d0ef7c70f459cd3940df316ec
00000000000000000000000000000000,ffffffe000000000000000000000000000000000000000000000000000000000,bbd1097a62433f79449fa97d4ee80dbf
00000000000000000000000000000000,fffffff000000000000000000000000000000000000000000000000000000000,07058e408f5b99b0e0f061a1761b5b3b
00000000000000000000000000000000,fffffff800000000000000000000000000000000000000000000000000000000,5fd1f13fa0f31e37fabde328f894eac2
00000000000000000000000000000000,fffffffc00000000000000000000000000000000000000000000000000000000,fc4af7c948df26e2ef3e01c1ee5b8f6f
00000000000000000000000000000000,fffffffe00000000000000000000000000000000000000000000000000000000,829fd7208fb92d44a074a677ee9861ac
00000000000000000000000000000000,ffffffff00000000000000000000000000000000000000000000000000000000,ad9fc613a703251b54c64a0e76431711
00000000000000000000000000000000,ffffffff80000000000000000000000000000000000000000000000000000000,33ac9eccc4cc75e2711618f80b1548e8
00000000000000000000000000000000,ffffffffc0000000000000000000000000000000000000000000000000000000,2025c74b8ad8f4cda17ee2049c4c902d
00000000000000000000000000000000,ffffffffe0000000000000000000000000000000000000000000000000000000,f85ca05fe528f1ce9b790166e8d551e7
00000000000000000000000000000000,fffffffff0000000000000000000000000000000000000000000000000000000,6f6238d8966048d4967154e0dad5a6c9
00000000000000000000000000000000,fffffffff8000000000000000000000000000000000000000000000000000000,f2b21b4e7640a9b3346de8b82fb41e49
00000000000000000000000000000000,fffffffffc000000000000000000000000000000000000000000000000000000,f836f251ad1d11d49dc344628b1884e1
00000000000000000000000000000000,fffffffffe000000000000000000000000000000000000000000000000000000,077e9470ae7abea5a9769d49182628c3
00000000000000000000000000000000,ffffffffff000000000000000000000000000000000000000000000000000000,e0dcc2d27fc9865633f85223cf0d611f
00000000000000000000000000000000,ffffffffff800000000000000000000000000000000000000000000000000000,be66cfea2fecd6bf0ec7b4352c99bcaa
00000000000000000000000000000000,ffffffffffc00000000000000000000000000000000000000000000000000000,df31144f87a2ef523facdcf21a427804
00000000000000000000000000000000,ffffffffffe00000000000000000000000000000000000000000000000000000,b5bb0f5629fb6aae5e1839a3c3625d63
00000000000000000000000000000000,fffffffffff00000000000000000000000000000000000000000000000000000,3c9db3335306fe1ec612bdbfae6b6028
00000000000000000000000000000000,fffffffffff80000000000000000000000000000000000000000000000000000,3dd5c34634a79d3cfcc8339760e6f5f4
00000000000000000000000000000000,fffffffffffc0000000000000000000000000000000000000000000000000000,82bda118a3ed7af314fa2ccc5c07b761
00000000000000000000000000000000,fffffffffffe0000000000000000000000000000000000000000000000000000,2937a64f7d4f46fe6fea3b349ec78e38
00000000000000000000000000000000,ffffffffffff0000000000000000000000000000000000000000000000000000,225f068c28476605735ad671bb8f39f3
00000000000000000000000000000000,ffffffffffff8000000000000000000000000000000000000000000000000000,ae682c5ecd71898e08942ac9aa89875c
00000000000000000000000000000000,ffffffffffffc000000000000000000000000000000000000000000000000000,5e031cb9d676c3022d7f26227e85c38f
00000000000000000000000000000000,ffffffffffffe000000000000000000000000000000000000000000000000000,a78463fb064db5d52bb64bfef64f2dda
00000000000000000000000000000000,fffffffffffff000000000000000000000000000000000000000000000000000,8aa9b75e784593876c53a00eae5af52b
00000000000000000000000000000000,fffffffffffff800000000000000000000000000000000000000000000000000,3f84566df23da48af692722fe980573a
00000000000000000000000000000000,fffffffffffffc00000000000000000000000000000000000000000000000000,31690b5ed41c7eb42a1e83270a7ff0e6
00000000000000000000000000000000,fffffffffffffe00000000000000000000000000000000000000000000000000,77dd7702646d55f08365e477d3590eda
00000000000000000000000000000000,ffffffffffffff00000000000000000000000000000000000000000000000000,4c022ac62b3cb78d739cc67b3e20bb7e
00000000000000000000000000000000,ffffffffffffff80000000000000000000000000000000000000000000000000,092fa137ce18b5dfe7906f550bb13370
00000000000000000000000000000000,ffffffffffffffc0000000000000000000000000000000000000000000000000,3e0cdadf2e68353c0027672c97144dd3
00000000000000000000000000000000,ffffffffffffffe0000000000000000000000000000000000000000000000000,d8c4b200b383fc1f2b2ea677618a1d27
00000000000000000000000000000000,fffffffffffffff0000000000000000000000000000000000000000000000000,11825f99b0e9bb3477c1c0713b015aac
00000000000000000000000000000000,fffffffffffffff8000000000000000000000000000000000000000000000000,f8b9fffb5c187f7ddc7ab10f4fb77576
00000000000000000000000000000000,fffffffffffffffc000000000000000000000000000000000000000000000000,ffb4e87a32b37d6f2c8328d3b5377802
00000000000000000000000000000000,fffffffffffffffe000000000000000000000000000000000000000000000000,d276c13a5d220f4da9224e74896391ce
00000000000000000000000000000000,ffffffffffffffff000000000000000000000000000000000000000000000000,94efe7a0e2e031e2536da01df799c927
00000000000000000000000000000000,ffffffffffffffff800000000000000000000000000000000000000000000000,8f8fd822680a85974e53a5a8eb9d38de
00000000000000000000000000000000,ffffffffffffffffc00000000000000000000000000000000000000000000000,e0f0a91b2e45f8cc37b7805a3042588d
00000000000000000000000000000000,ffffffffffffffffe00000000000000000000000000000000000000000000000,597a6252255e46d6364dbeeda31e279c
00000000000000000000000000000000,fffffffffffffffff00000000000000000000000000000000000000000000000,f51a0f694442b8f05571797fec7ee8bf
00000000000000000000000000000000,fffffffffffffffff80000000000000000000000000000000000000000000000,9ff071b165b5198a93dddeebc54d09b5
00000000000000000000000000000000,fffffffffffffffffc0000000000000000000000000000000000000000000000,c20a19fd5758b0c4bc1a5df89cf73877
00000000000000000000000000000000,fffffffffffffffffe0000000000000000000000000000000000000000000000,97120166307119ca2280e9315668e96f
00000000000000000000000000000000,ffffffffffffffffff0000000000000000000000000000000000000000000000,4b3b9f1e099c2a09dc091e90e4f18f0a
00000000000000000000000000000000,ffffffffffffffffff8000000000000000000000000000000000000000000000,eb040b891d4b37f6851f7ec219cd3f6d
00000000000000000000000000000000,ffffffffffffffffffc000000000000000000000000000000000000000000000,9f0fdec08b7fd79aa39535bea42db92a
00000000000000000000000000000000,ffffffffffffffffffe000000000000000000000000000000000000000000000,2e70f168fc74bf911df240bcd2cef236
00000000000000000000000000000000,fffffffffffffffffff000000000000000000000000000000000000000000000,462ccd7f5fd1108dbc152f3cacad328b
00000000000000000000000000000000,fffffffffffffffffff800000000000000000000000000000000000000000000,a4af534a7d0b643a01868785d86dfb95
00000000000000000000000000000000,fffffffffffffffffffc00000000000000000000000000000000000000000000,ab980296197e1a5022326c31da4bf6f3
00000000000000000000000000000000,fffffffffffffffffffe00000000000000000000000000000000000000000000,f97d57b3333b6281b07d486db2d4e20c
00000000000000000000000000000000,ffffffffffffffffffff00000000000000000000000000000000000000000000,f33fa36720231afe4c759ade6bd62eb6
00000000000000000000000000000000,ffffffffffffffffffff80000000000000000000000000000000000000000000,fdcfac0c02ca538343c68117e0a15938
00000000000000000000000000000000,ffffffffffffffffffffc0000000000000000000000000000000000000000000,ad4916f5ee5772be764fc027b8a6e539
00000000000000000000000000000000,ffffffffffffffffffffe0000000000000000000000000000000000000000000,2e16873e1678610d7e14c02d002ea845
00000000000000000000000000000000,fffffffffffffffffffff0000000000000000000000000000000000000000000,4e6e627c1acc51340053a8236d579576
00000000000000000000000000000000,fffffffffffffffffffff8000000000000000000000000000000000000000000,ab0c8410aeeead92feec1eb430d652cb
00000000000000000000000000000000,fffffffffffffffffffffc000000000000000000000000000000000000000000,e86f7e23e835e114977f60e1a592202e
00000000000000000000000000000000,fffffffffffffffffffffe000000000000000000000000000000000000000000,e68ad5055a367041fade09d9a70a794b
00000000000000000000000000000000,ffffffffffffffffffffff000000000000000000000000000000000000000000,0791823a3c666bb6162825e78606a7fe
00000000000000000000000000000000,ffffffffffffffffffffff800000000000000000000000000000000000000000,dcca366a9bf47b7b868b77e25c18a364
00000000000000000000000000000000,ffffffffffffffffffffffc00000000000000000000000000000000000000000,684c9efc237e4a442965f84bce20247a
00000000000000000000000000000000,ffffffffffffffffffffffe00000000000000000000000000000000000000000,a858411ffbe63fdb9c8aa1bfaed67b52
00000000000000000000000000000000,fffffffffffffffffffffff00000000000000000000000000000000000000000,04bc3da2179c3015498b0e03910db5b8
00000000000000000000000000000000,fffffffffffffffffffffff80000000000000000000000000000000000000000,40071eeab3f935dbc25d00841460260f
00000000000000000000000000000000,fffffffffffffffffffffffc0000000000000000000000000000000000000000,0ebd7c30ed2016e08ba806ddb008bcc8
00000000000000000000000000000000,fffffffffffffffffffffffe0000000000000000000000000000000000000000,15c6becf0f4cec7129cbd22d1a79b1b8
00000000000000000000000000000000,ffffffffffffffffffffffff0000000000000000000000000000000000000000,0aeede5b91f721700e9e62edbf60b781
00000000000000000000000000000000,ffffffffffffffffffffffff8000000000000000000000000000000000000000,266581af0dcfbed1585e0a242c64b8df
00000000000000000000000000000000,ffffffffffffffffffffffffc000000000000000000000000000000000000000,6693dc911662ae473216ba22189a511a
00000000000000000000000000000000,ffffffffffffffffffffffffe000000000000000000000000000000000000000,7606fa36d86473e6fb3a1bb0e2c0adf5
00000000000000000000000000000000,fffffffffffffffffffffffff000000000000000000000000000000000000000,112078e9e11fbb78e26ffb8899e96b9a
00000000000000000000000000000000,fffffffffffffffffffffffff800000000000000000000000000000000000000,40b264e921e9e4a82694589ef3798262
00000000000000000000000000000000,fffffffffffffffffffffffffc00000000000000000000000000000000000000,8d4595cb4fa7026715f55bd68e2882f9
00000000000000000000000000000000,fffffffffffffffffffffffffe00000000000000000000000000000000000000,b588a302bdbc09197df1edae68926ed9
00000000000000000000000000000000,ffffffffffffffffffffffffff00000000000000000000000000000000000000,33f7502390b8a4a221cfecd0666624ba
00000000000000000000000000000000,ffffffffffffffffffffffffff80000000000000000000000000000000000000,3d20253adbce3be2373767c4d822c566
00000000000000000000000000000000,ffffffffffffffffffffffffffc0000000000000000000000000000000000000,a42734a3929bf84cf0116c9856a3c18c
00000000000000000000000000000000,ffffffffffffffffffffffffffe0000000000000000000000000000000000000,e3abc4939457422bb957da3c56938c6d
00000000000000000000000000000000,fffffffffffffffffffffffffff0000000000000000000000000000000000000,972bdd2e7c525130fadc8f76fc6f4b3f
00000000000000000000000000000000,fffffffffffffffffffffffffff8000000000000000000000000000000000000,84a83d7b94c699cbcb8a7d9b61f64093
00000000000000000000000000000000,fffffffffffffffffffffffffffc000000000000000000000000000000000000,ce61d63514aded03d43e6ebfc3a9001f
00000000000000000000000000000000,fffffffffffffffffffffffffffe000000000000000000000000000000000000,6c839dd58eeae6b8a36af48ed63d2dc9
00000000000000000000000000000000,ffffffffffffffffffffffffffff000000000000000000000000000000000000,cd5ece55b8da3bf622c4100df5de46f9
00000000000000000000000000000000,ffffffffffffffffffffffffffff800000000000000000000000000000000000,3b6f46f40e0ac5fc0a9c1105f800f48d
00000000000000000000000000000000,ffffffffffffffffffffffffffffc00000000000000000000000000000000000,ba26d47da3aeb028de4fb5b3a854a24b
00000000000000000000000000000000,ffffffffffffffffffffffffffffe00000000000000000000000000000000000,87f53bf620d3677268445212904389d5
00000000000000000000000000000000,fffffffffffffffffffffffffffff00000000000000000000000000000000000,10617d28b5e0f4605492b182a5d7f9f6
00000000000000000000000000000000,fffffffffffffffffffffffffffff80000000000000000000000000000000000,9aaec4fabbf6fae2a71feff02e372b39
00000000000000000000000000000000,fffffffffffffffffffffffffffffc0000000000000000000000000000000000,3a90c62d88b5c42809abf782488ed130
00000000000000000000000000000000,fffffffffffffffffffffffffffffe0000000000000000000000000000000000,f1f1c5a40899e15772857ccb65c7a09a
00000000000000000000000000000000,ffffffffffffffffffffffffffffff0000000000000000000000000000000000,190843d29b25a3897c692ce1dd81ee52
00000000000000000000000000000000,ffffffffffffffffffffffffffffff8000000000000000000000000000000000,a866bc65b6941d86e8420a7ffb0964db
00000000000000000000000000000000,ffffffffffffffffffffffffffffffc000000000000000000000000000000000,8193c6ff85225ced4255e92f6e078a14
00000000000000000000000000000000,ffffffffffffffffffffffffffffffe000000000000000000000000000000000,9661cb2424d7d4a380d547f9e7ec1cb9
00000000000000000000000000000000,fffffffffffffffffffffffffffffff000000000000000000000000000000000,86f93d9ec08453a071e2e2877877a9c8
00000000000000000000000000000000,fffffffffffffffffffffffffffffff800000000000000000000000000000000,27eefa80ce6a4a9d598e3fec365434d2
00000000000000000000000000000000,fffffffffffffffffffffffffffffffc00000000000000000000000000000000,d62068444578e3ab39ce7ec95dd045dc
00000000000000000000000000000000,fffffffffffffffffffffffffffffffe00000000000000000000000000000000,b5f71d4dd9a71fe5d8bc8ba7e6ea3048
00000000000000000000000000000000,ffffffffffffffffffffffffffffffff00000000000000000000000000000000,6825a347ac479d4f9d95c5cb8d3fd7e9
00000000000000000000000000000000,ffffffffffffffffffffffffffffffff80000000000000000000000000000000,e3714e94a5778955cc0346358e94783a
00000000000000000000000000000000,ffffffffffffffffffffffffffffffffc0000000000000000000000000000000,d836b44bb29e0c7d89fa4b2d4b677d2a
00000000000000000000000000000000,ffffffffffffffffffffffffffffffffe0000000000000000000000000000000,5d454b75021d76d4b84f873a8f877b92
00000000000000000000000000000000,fffffffffffffffffffffffffffffffff0000000000000000000000000000000,c3498f7eced2095314fc28115885b33f
00000000000000000000000000000000,fffffffffffffffffffffffffffffffff8000000000000000000000000000000,6e668856539ad8e405bd123fe6c88530
00000000000000000000000000000000,fffffffffffffffffffffffffffffffffc000000000000000000000000000000,8680db7f3a87b8605543cfdbe6754076
00000000000000000000000000000000,fffffffffffffffffffffffffffffffffe000000000000000000000000000000,6c5d03b13069c3658b3179be91b0800c
00000000000000000000000000000000,ffffffffffffffffffffffffffffffffff000000000000000000000000000000,ef1b384ac4d93eda00c92add0995ea5f
00000000000000000000000000000000,ffffffffffffffffffffffffffffffffff800000000000000000000000000000,bf8115805471741bd5ad20a03944790f
00000000000000000000000000000000,ffffffffffffffffffffffffffffffffffc00000000000000000000000000000,c64c24b6894b038b3c0d09b1df068b0b
00000000000000000000000000000000,ffffffffffffffffffffffffffffffffffe00000000000000000000000000000,3967a10cffe27d0178545fbf6a40544b
00000000000000000000000000000000,fffffffffffffffffffffffffffffffffff00000000000000000000000000000,7c85e9c95de1a9ec5a5363a8a053472d
00000000000000000000000000000000,fffffffffffffffffffffffffffffffffff80000000000000000000000000000,a9eec03c8abec7ba68315c2c8c2316e0
00000000000000000000000000000000,fffffffffffffffffffffffffffffffffffc0000000000000000000000000000,cac8e414c2f388227ae14986fc983524
00000000000000000000000000000000,fffffffffffffffffffffffffffffffffffe0000000000000000000000000000,5d942b7f4622ce056c3ce3ce5f1dd9d6
00000000000000000000000000000000,ffffffffffffffffffffffffffffffffffff0000000000000000000000000000,d240d648ce21a3020282c3f1b528a0b6
00000000000000000000000000000000,ffffffffffffffffffffffffffffffffffff8000000000000000000000000000,45d089c36d5c5a4efc689e3b0de10dd5
00000000000000000000000000000000,ffffffffffffffffffffffffffffffffffffc000000000000000000000000000,b4da5df4becb5462e03a0ed00d295629
00000000000000000000000000000000,ffffffffffffffffffffffffffffffffffffe000000000000000000000000000,dcf4e129136c1a4b7a0f38935cc34b2b
00000000000000000000000000000000,fffffffffffffffffffffffffffffffffffff000000000000000000000000000,d9a4c7618b0ce48a3d5aee1a1c0114c4
00000000000000000000000000000000,fffffffffffffffffffffffffffffffffffff800000000000000000000000000,ca352df025c65c7b0bf306fbee0f36ba
00000000000000000000000000000000,fffffffffffffffffffffffffffffffffffffc00000000000000000000000000,238aca23fd3409f38af63378ed2f5473
00000000000000000000000000000000,fffffffffffffffffffffffffffffffffffffe00000000000000000000000000,59836a0e06a79691b36667d5380d8188
00000000000000000000000000000000,ffffffffffffffffffffffffffffffffffffff00000000000000000000000000,33905080f7acf1cdae0a91fc3e85aee4
00000000000000000000000000000000,ffffffffffffffffffffffffffffffffffffff80000000000000000000000000,72c9e4646dbc3d6320fc6689d93e8833
00000000000000000000000000000000,ffffffffffffffffffffffffffffffffffffffc0000000000000000000000000,ba77413dea5925b7f5417ea47ff19f59
00000000000000000000000000000000,ffffffffffffffffffffffffffffffffffffffe0000000000000000000000000,6cae8129f843d86dc786a0fb1a184970
00000000000000000000000000000000,fffffffffffffffffffffffffffffffffffffff0000000000000000000000000,fcfefb534100796eebbd990206754e19
00000000000000000000000000000000,fffffffffffffffffffffffffffffffffffffff8000000000000000000000000,8c791d5fdddf470da04f3e6dc4a5b5b5
00000000000000000000000000000000,fffffffffffffffffffffffffffffffffffffffc000000000000000000000000,c93bbdc07a4611ae4bb266ea5034a387
00000000000000000000000000000000,fffffffffffffffffffffffffffffffffffffffe000000000000000000000000,c102e38e489aa74762f3efc5bb23205a
00000000000000000000000000000000,ffffffffffffffffffffffffffffffffffffffff000000000000000000000000,93201481665cbafc1fcc220bc545fb3d
00000000000000000000000000000000,ffffffffffffffffffffffffffffffffffffffff800000000000000000000000,4960757ec6ce68cf195e454cfd0f32ca
00000000000000000000000000000000,ffffffffffffffffffffffffffffffffffffffffc00000000000000000000000,feec7ce6a6cbd07c043416737f1bbb33
00000000000000000000000000000000,ffffffffffffffffffffffffffffffffffffffffe00000000000000000000000,11c5413904487a805d70a8edd9c35527
00000000000000000000000000000000,fffffffffffffffffffffffffffffffffffffffff00000000000000000000000,347846b2b2e36f1f0324c86f7f1b98e2
00000000000000000000000000000000,fffffffffffffffffffffffffffffffffffffffff80000000000000000000000,332eee1a0cbd19ca2d69b426894044f0
00000000000000000000000000000000,fffffffffffffffffffffffffffffffffffffffffc0000000000000000000000,866b5b3977ba6efa5128efbda9ff03cd
00000000000000000000000000000000,fffffffffffffffffffffffffffffffffffffffffe0000000000000000000000,cc1445ee94c0f08cdee5c344ecd1e233
00000000000000000000000000000000,ffffffffffffffffffffffffffffffffffffffffff0000000000000000000000,be288319029363c2622feba4b05dfdfe
00000000000000000000000000000000,ffffffffffffffffffffffffffffffffffffffffff8000000000000000000000,cfd1875523f3cd21c395651e6ee15e56
00000000000000000000000000000000,ffffffffffffffffffffffffffffffffffffffffffc000000000000000000000,cb5a408657837c53bf16f9d8465dce19
00000000000000000000000000000000,ffffffffffffffffffffffffffffffffffffffffffe000000000000000000000,ca0bf42cb107f55ccff2fc09ee08ca15
00000000000000000000000000000000,fffffffffffffffffffffffffffffffffffffffffff000000000000000000000,fdd9bbb4a7dc2e4a23536a5880a2db67
00000000000000000000000000000000,fffffffffffffffffffffffffffffffffffffffffff800000000000000000000,ede447b362c484993dec9442a3b46aef
00000000000000000000000000000000,fffffffffffffffffffffffffffffffffffffffffffc00000000000000000000,10dffb05904bff7c4781df780ad26837
00000000000000000000000000000000,fffffffffffffffffffffffffffffffffffffffffffe00000000000000000000,c33bc13e8de88ac25232aa7496398783
00000000000000000000000000000000,ffffffffffffffffffffffffffffffffffffffffffff00000000000000000000,ca359c70803a3b2a3d542e8781dea975
00000000000000000000000000000000,ffffffffffffffffffffffffffffffffffffffffffff80000000000000000000,bcc65b526f88d05b89ce8a52021fdb06
00000000000000000000000000000000,ffffffffffffffffffffffffffffffffffffffffffffc0000000000000000000,db91a38855c8c4643851fbfb358b0109
00000000000000000000000000000000,ffffffffffffffffffffffffffffffffffffffffffffe0000000000000000000,ca6e8893a114ae8e27d5ab03a5499610
00000000000000000000000000000000,fffffffffffffffffffffffffffffffffffffffffffff0000000000000000000,6629d2b8df97da728cdd8b1e7f945077
00000000000000000000000000000000,fffffffffffffffffffffffffffffffffffffffffffff8000000000000000000,4570a5a18cfc0dd582f1d88d5c9a1720
00000000000000000000000000000000,fffffffffffffffffffffffffffffffffffffffffffffc000000000000000000,72bc65aa8e89562e3f274d45af1cd10b
00000000000000000000000000000000,fffffffffffffffffffffffffffffffffffffffffffffe000000000000000000,98551da1a6503276ae1c77625f9ea615
00000000000000000000000000000000,ffffffffffffffffffffffffffffffffffffffffffffff000000000000000000,0ddfe51ced7e3f4ae927daa3fe452cee
00000000000000000000000000000000,ffffffffffffffffffffffffffffffffffffffffffffff800000000000000000,db826251e4ce384b80218b0e1da1dd4c
00000000000000000000000000000000,ffffffffffffffffffffffffffffffffffffffffffffffc00000000000000000,2cacf728b88abbad7011ed0e64a1680c
00000000000000000000000000000000,ffffffffffffffffffffffffffffffffffffffffffffffe00000000000000000,330d8ee7c5677e099ac74c9994ee4cfb
00000000000000000000000000000000,fffffffffffffffffffffffffffffffffffffffffffffff00000000000000000,edf61ae362e882ddc0167474a7a77f3a
00000000000000000000000000000000,fffffffffffffffffffffffffffffffffffffffffffffff80000000000000000,6168b00ba7859e0970ecfd757efecf7c
00000000000000000000000000000000,fffffffffffffffffffffffffffffffffffffffffffffffc0000000000000000,d1415447866230d28bb1ea18a4cdfd02
00000000000000000000000000000000,fffffffffffffffffffffffffffffffffffffffffffffffe0000000000000000,516183392f7a8763afec68a060264141
00000000000000000000000000000000,ffffffffffffffffffffffffffffffffffffffffffffffff0000000000000000,77565c8d73cfd4130b4aa14d8911710f
00000000000000000000000000000000,ffffffffffffffffffffffffffffffffffffffffffffffff8000000000000000,37232a4ed21ccc27c19c9610078cabac
00000000000000000000000000000000,ffffffffffffffffffffffffffffffffffffffffffffffffc000000000000000,804f32ea71828c7d329077e712231666
00000000000000000000000000000000,ffffffffffffffffffffffffffffffffffffffffffffffffe000000000000000,d64424f23cb97215e9c2c6f28d29eab7
00000000000000000000000000000000,fffffffffffffffffffffffffffffffffffffffffffffffff000000000000000,023e82b533f68c75c238cebdb2ee89a2
00000000000000000000000000000000,fffffffffffffffffffffffffffffffffffffffffffffffff800000000000000,193a3d24157a51f1ee0893f6777417e7
00000000000000000000000000000000,fffffffffffffffffffffffffffffffffffffffffffffffffc00000000000000,84ecacfcd400084d078612b1945f2ef5
00000000000000000000000000000000,fffffffffffffffffffffffffffffffffffffffffffffffffe00000000000000,1dcd8bb173259eb33a5242b0de31a455
00000000000000000000000000000000,ffffffffffffffffffffffffffffffffffffffffffffffffff00000000000000,35e9eddbc375e792c19992c19165012b
00000000000000000000000000000000,ffffffffffffffffffffffffffffffffffffffffffffffffff80000000000000,8a772231c01dfdd7c98e4cfddcc0807a
00000000000000000000000000000000,ffffffffffffffffffffffffffffffffffffffffffffffffffc0000000000000,6eda7ff6b8319180ff0d6e65629d01c3
00000000000000000000000000000000,ffffffffffffffffffffffffffffffffffffffffffffffffffe0000000000000,c267ef0e2d01a993944dd397101413cb
00000000000000000000000000000000,fffffffffffffffffffffffffffffffffffffffffffffffffff0000000000000,e9f80e9d845bcc0f62926af72eabca39
00000000000000000000000000000000,fffffffffffffffffffffffffffffffffffffffffffffffffff8000000000000,6702990727aa0878637b45dcd3a3b074
00000000000000000000000000000000,fffffffffffffffffffffffffffffffffffffffffffffffffffc000000000000,2e2e647d5360e09230a5d738ca33471e
00000000000000000000000000000000,fffffffffffffffffffffffffffffffffffffffffffffffffffe000000000000,1f56413c7add6f43d1d56e4f02190330
00000000000000000000000000000000,ffffffffffffffffffffffffffffffffffffffffffffffffffff000000000000,69cd0606e15af729d6bca143016d9842
00000000000000000000000000000000,ffffffffffffffffffffffffffffffffffffffffffffffffffff800000000000,a085d7c1a500873a20099c4caa3c3f5b
00000000000000000000000000000000,ffffffffffffffffffffffffffffffffffffffffffffffffffffc00000000000,4fc0d230f8891415b87b83f95f2e09d1
00000000000000000000000000000000,ffffffffffffffffffffffffffffffffffffffffffffffffffffe00000000000,4327d08c523d8eba697a4336507d1f42
00000000000000000000000000000000,fffffffffffffffffffffffffffffffffffffffffffffffffffff00000000000,7a15aab82701efa5ae36ab1d6b76290f
00000000000000000000000000000000,fffffffffffffffffffffffffffffffffffffffffffffffffffff80000000000,5bf0051893a18bb30e139a58fed0fa54
00000000000000000000000000000000,fffffffffffffffffffffffffffffffffffffffffffffffffffffc0000000000,97e8adf65638fd9cdf3bc22c17fe4dbd
00000000000000000000000000000000,fffffffffffffffffffffffffffffffffffffffffffffffffffffe0000000000,1ee6ee326583a0586491c96418d1a35d
00000000000000000000000000000000,ffffffffffffffffffffffffffffffffffffffffffffffffffffff0000000000,26b549c2ec756f82ecc48008e529956b
00000000000000000000000000000000,ffffffffffffffffffffffffffffffffffffffffffffffffffffff8000000000,70377b6da669b072129e057cc28e9ca5
00000000000000000000000000000000,ffffffffffffffffffffffffffffffffffffffffffffffffffffffc000000000,9c94b8b0cb8bcc919072262b3fa05ad9
00000000000000000000000000000000,ffffffffffffffffffffffffffffffffffffffffffffffffffffffe000000000,2fbb83dfd0d7abcb05cd28cad2dfb523
00000000000000000000000000000000,fffffffffffffffffffffffffffffffffffffffffffffffffffffff000000000,96877803de77744bb970d0a91f4debae
00000000000000000000000000000000,fffffffffffffffffffffffffffffffffffffffffffffffffffffff800000000,7379f3370cf6e5ce12ae5969c8eea312
00000000000000000000000000000000,fffffffffffffffffffffffffffffffffffffffffffffffffffffffc00000000,02dc99fa3d4f98ce80985e7233889313
00000000000000000000000000000000,fffffffffffffffffffffffffffffffffffffffffffffffffffffffe00000000,1e38e759075ba5cab6457da51844295a
00000000000000000000000000000000,ffffffffffffffffffffffffffffffffffffffffffffffffffffffff00000000,70bed8dbf615868a1f9d9b05d3e7a267
00000000000000000000000000000000,ffffffffffffffffffffffffffffffffffffffffffffffffffffffff80000000,234b148b8cb1d8c32b287e896903d150
00000000000000000000000000000000,ffffffffffffffffffffffffffffffffffffffffffffffffffffffffc0000000,294b033df4da853f4be3e243f7e513f4
00000000000000000000000000000000,ffffffffffffffffffffffffffffffffffffffffffffffffffffffffe0000000,3f58c950f0367160adec45f2441e7411
00000000000000000000000000000000,fffffffffffffffffffffffffffffffffffffffffffffffffffffffff0000000,37f655536a704e5ace182d742a820cf4
00000000000000000000000000000000,fffffffffffffffffffffffffffffffffffffffffffffffffffffffff8000000,ea7bd6bb63418731aeac790fe42d61e8
00000000000000000000000000000000,fffffffffffffffffffffffffffffffffffffffffffffffffffffffffc000000,e74a4c999b4c064e48bb1e413f51e5ea
00000000000000000000000000000000,fffffffffffffffffffffffffffffffffffffffffffffffffffffffffe000000,ba9ebefdb4ccf30f296cecb3bc1943e8
00000000000000000000000000000000,ffffffffffffffffffffffffffffffffffffffffffffffffffffffffff000000,3194367a4898c502c13bb7478640a72d
00000000000000000000000000000000,ffffffffffffffffffffffffffffffffffffffffffffffffffffffffff800000,da797713263d6f33a5478a65ef60d412
00000000000000000000000000000000,ffffffffffffffffffffffffffffffffffffffffffffffffffffffffffc00000,d1ac39bb1ef86b9c1344f214679aa376
00000000000000000000000000000000,ffffffffffffffffffffffffffffffffffffffffffffffffffffffffffe00000,2fdea9e650532be5bc0e7325337fd363
00000000000000000000000000000000,fffffffffffffffffffffffffffffffffffffffffffffffffffffffffff00000,d3a204dbd9c2af158b6ca67a5156ce4a
00000000000000000000000000000000,fffffffffffffffffffffffffffffffffffffffffffffffffffffffffff80000,3a0a0e75a8da36735aee6684d965a778
00000000000000000000000000000000,fffffffffffffffffffffffffffffffffffffffffffffffffffffffffffc0000,52fc3e620492ea99641ea168da5b6d52
00000000000000000000000000000000,fffffffffffffffffffffffffffffffffffffffffffffffffffffffffffe0000,d2e0c7f15b4772467d2cfc873000b2ca
00000000000000000000000000000000,ffffffffffffffffffffffffffffffffffffffffffffffffffffffffffff0000,563531135e0c4d70a38f8bdb190ba04e
00000000000000000000000000000000,ffffffffffffffffffffffffffffffffffffffffffffffffffffffffffff8000,a8a39a0f5663f4c0fe5f2d3cafff421a
00000000000000000000000000000000,ffffffffffffffffffffffffffffffffffffffffffffffffffffffffffffc000,d94b5e90db354c1e42f61fabe167b2c0
00000000000000000000000000000000,ffffffffffffffffffffffffffffffffffffffffffffffffffffffffffffe000,50e6d3c9b6698a7cd276f96b1473f35a
00000000000000000000000000000000,fffffffffffffffffffffffffffffffffffffffffffffffffffffffffffff000,9338f08e0ebee96905d8f2e825208f43
00000000000000000000000000000000,fffffffffffffffffffffffffffffffffffffffffffffffffffffffffffff800,8b378c86672aa54a3a266ba19d2580ca
00000000000000000000000000000000,fffffffffffffffffffffffffffffffffffffffffffffffffffffffffffffc00,cca7c3086f5f9511b31233da7cab9160
00000000000000000000000000000000,fffffffffffffffffffffffffffffffffffffffffffffffffffffffffffffe00,5b40ff4ec9be536ba23035fa4f06064c
00000000000000000000000000000000,ffffffffffffffffffffffffffffffffffffffffffffffffffffffffffffff00,60eb5af8416b257149372194e8b88749
00000000000000000000000000000000,ffffffffffffffffffffffffffffffffffffffffffffffffffffffffffffff80,2f005a8aed8a361c92e440c15520cbd1
00000000000000000000000000000000,ffffffffffffffffffffffffffffffffffffffffffffffffffffffffffffffc0,7b03627611678a997717578807a800e2
00000000000000000000000000000000,ffffffffffffffffffffffffffffffffffffffffffffffffffffffffffffffe0,cf78618f74f6f3696e0a4779b90b5a77
00000000000000000000000000000000,fffffffffffffffffffffffffffffffffffffffffffffffffffffffffffffff0,03720371a04962eaea0a852e69972858
00000000000000000000000000000000,fffffffffffffffffffffffffffffffffffffffffffffffffffffffffffffff8,1f8a8133aa8ccf70e2bd3285831ca6b7
00000000000000000000000000000000,fffffffffffffffffffffffffffffffffffffffffffffffffffffffffffffffc,27936bd27fb1468fc8b48bc483321725
00000000000000000000000000000000,fffffffffffffffffffffffffffffffffffffffffffffffffffffffffffffffe,b07d4f3e2cd2ef2eb545980754dfea0f
00000000000000000000000000000000,ffffffffffffffffffffffffffffffffffffffffffffffffffffffffffffffff,4bf85f1b5d54adbc307b0a048389adcb
